,kword,fortnight_starting,kword_sent_cat,sentiment_count,refers_to_gov_count,tot_counts,prop_sentiments,fortnight_to_lockdown
0,american_behav_scientists,2020-01-27,neg,0,0,1,0.0,-4
1,american_behav_scientists,2020-01-27,neu,1,0,1,1.0,-4
2,american_behav_scientists,2020-01-27,pos,0,0,1,0.0,-4
3,american_behav_scientists,2020-02-10,neg,0,0,6,0.0,-3
4,american_behav_scientists,2020-02-10,neu,4,0,6,0.6666666666666666,-3
5,american_behav_scientists,2020-02-10,pos,2,0,6,0.3333333333333333,-3
6,american_behav_scientists,2020-02-24,neg,0,0,6,0.0,-2
7,american_behav_scientists,2020-02-24,neu,5,0,6,0.8333333333333334,-2
8,american_behav_scientists,2020-02-24,pos,1,0,6,0.16666666666666666,-2
9,american_behav_scientists,2020-03-09,neg,0,0,6,0.0,-1
10,american_behav_scientists,2020-03-09,neu,5,2,6,0.8333333333333334,-1
11,american_behav_scientists,2020-03-09,pos,1,1,6,0.16666666666666666,-1
12,american_behav_scientists,2020-03-23,neg,0,0,6,0.0,0
13,american_behav_scientists,2020-03-23,neu,4,0,6,0.6666666666666666,0
14,american_behav_scientists,2020-03-23,pos,2,0,6,0.3333333333333333,0
15,american_behav_scientists,2020-04-06,neg,2,0,6,0.3333333333333333,1
16,american_behav_scientists,2020-04-06,neu,4,1,6,0.6666666666666666,1
17,american_behav_scientists,2020-04-06,pos,0,0,6,0.0,1
18,american_behav_scientists,2020-04-20,neg,0,0,11,0.0,2
19,american_behav_scientists,2020-04-20,neu,8,0,11,0.7272727272727273,2
20,american_behav_scientists,2020-04-20,pos,3,1,11,0.2727272727272727,2
21,american_behav_scientists,2020-05-04,neg,0,0,4,0.0,3
22,american_behav_scientists,2020-05-04,neu,4,0,4,1.0,3
23,american_behav_scientists,2020-05-04,pos,0,0,4,0.0,3
24,american_behav_scientists,2020-05-18,neg,1,0,4,0.25,4
25,american_behav_scientists,2020-05-18,neu,3,0,4,0.75,4
26,american_behav_scientists,2020-05-18,pos,0,0,4,0.0,4
27,american_behav_scientists,2020-06-01,neg,0,0,0,,5
28,american_behav_scientists,2020-06-01,neu,0,0,0,,5
29,american_behav_scientists,2020-06-01,pos,0,0,0,,5
30,american_behav_scientists,2020-06-15,neg,0,0,6,0.0,6
31,american_behav_scientists,2020-06-15,neu,6,1,6,1.0,6
32,american_behav_scientists,2020-06-15,pos,0,0,6,0.0,6
33,american_behav_scientists,2020-06-29,neg,0,0,2,0.0,7
34,american_behav_scientists,2020-06-29,neu,2,0,2,1.0,7
35,american_behav_scientists,2020-06-29,pos,0,0,2,0.0,7
36,behav_analysis,2020-01-27,neg,0,0,0,,-4
37,behav_analysis,2020-01-27,neu,0,0,0,,-4
38,behav_analysis,2020-01-27,pos,0,0,0,,-4
39,behav_analysis,2020-02-10,neg,0,0,0,,-3
40,behav_analysis,2020-02-10,neu,0,0,0,,-3
41,behav_analysis,2020-02-10,pos,0,0,0,,-3
42,behav_analysis,2020-02-24,neg,0,0,1,0.0,-2
43,behav_analysis,2020-02-24,neu,1,0,1,1.0,-2
44,behav_analysis,2020-02-24,pos,0,0,1,0.0,-2
45,behav_analysis,2020-03-09,neg,0,0,0,,-1
46,behav_analysis,2020-03-09,neu,0,0,0,,-1
47,behav_analysis,2020-03-09,pos,0,0,0,,-1
48,behav_analysis,2020-03-23,neg,0,0,1,0.0,0
49,behav_analysis,2020-03-23,neu,0,0,1,0.0,0
50,behav_analysis,2020-03-23,pos,1,0,1,1.0,0
51,behav_analysis,2020-04-06,neg,0,0,2,0.0,1
52,behav_analysis,2020-04-06,neu,2,0,2,1.0,1
53,behav_analysis,2020-04-06,pos,0,0,2,0.0,1
54,behav_analysis,2020-04-20,neg,0,0,0,,2
55,behav_analysis,2020-04-20,neu,0,0,0,,2
56,behav_analysis,2020-04-20,pos,0,0,0,,2
57,behav_analysis,2020-05-04,neg,0,0,4,0.0,3
58,behav_analysis,2020-05-04,neu,3,0,4,0.75,3
59,behav_analysis,2020-05-04,pos,1,0,4,0.25,3
60,behav_analysis,2020-05-18,neg,0,0,1,0.0,4
61,behav_analysis,2020-05-18,neu,1,0,1,1.0,4
62,behav_analysis,2020-05-18,pos,0,0,1,0.0,4
63,behav_analysis,2020-06-01,neg,0,0,0,,5
64,behav_analysis,2020-06-01,neu,0,0,0,,5
65,behav_analysis,2020-06-01,pos,0,0,0,,5
66,behav_analysis,2020-06-15,neg,0,0,0,,6
67,behav_analysis,2020-06-15,neu,0,0,0,,6
68,behav_analysis,2020-06-15,pos,0,0,0,,6
69,behav_analysis,2020-06-29,neg,0,0,0,,7
70,behav_analysis,2020-06-29,neu,0,0,0,,7
71,behav_analysis,2020-06-29,pos,0,0,0,,7
72,behav_change,2020-01-27,neg,0,0,0,,-4
73,behav_change,2020-01-27,neu,0,0,0,,-4
74,behav_change,2020-01-27,pos,0,0,0,,-4
75,behav_change,2020-02-10,neg,0,0,0,,-3
76,behav_change,2020-02-10,neu,0,0,0,,-3
77,behav_change,2020-02-10,pos,0,0,0,,-3
78,behav_change,2020-02-24,neg,0,0,0,,-2
79,behav_change,2020-02-24,neu,0,0,0,,-2
80,behav_change,2020-02-24,pos,0,0,0,,-2
81,behav_change,2020-03-09,neg,0,0,5,0.0,-1
82,behav_change,2020-03-09,neu,4,1,5,0.8,-1
83,behav_change,2020-03-09,pos,1,0,5,0.2,-1
84,behav_change,2020-03-23,neg,0,0,12,0.0,0
85,behav_change,2020-03-23,neu,11,10,12,0.9166666666666666,0
86,behav_change,2020-03-23,pos,1,1,12,0.08333333333333333,0
87,behav_change,2020-04-06,neg,0,0,4,0.0,1
88,behav_change,2020-04-06,neu,4,1,4,1.0,1
89,behav_change,2020-04-06,pos,0,0,4,0.0,1
90,behav_change,2020-04-20,neg,0,0,9,0.0,2
91,behav_change,2020-04-20,neu,9,1,9,1.0,2
92,behav_change,2020-04-20,pos,0,0,9,0.0,2
93,behav_change,2020-05-04,neg,0,0,8,0.0,3
94,behav_change,2020-05-04,neu,8,0,8,1.0,3
95,behav_change,2020-05-04,pos,0,0,8,0.0,3
96,behav_change,2020-05-18,neg,0,0,3,0.0,4
97,behav_change,2020-05-18,neu,3,0,3,1.0,4
98,behav_change,2020-05-18,pos,0,0,3,0.0,4
99,behav_change,2020-06-01,neg,0,0,4,0.0,5
100,behav_change,2020-06-01,neu,4,3,4,1.0,5
101,behav_change,2020-06-01,pos,0,0,4,0.0,5
102,behav_change,2020-06-15,neg,0,0,1,0.0,6
103,behav_change,2020-06-15,neu,1,0,1,1.0,6
104,behav_change,2020-06-15,pos,0,0,1,0.0,6
105,behav_change,2020-06-29,neg,0,0,4,0.0,7
106,behav_change,2020-06-29,neu,4,0,4,1.0,7
107,behav_change,2020-06-29,pos,0,0,4,0.0,7
108,behav_econ,2020-01-27,neg,1,0,1,1.0,-4
109,behav_econ,2020-01-27,neu,0,0,1,0.0,-4
110,behav_econ,2020-01-27,pos,0,0,1,0.0,-4
111,behav_econ,2020-02-10,neg,0,0,2,0.0,-3
112,behav_econ,2020-02-10,neu,1,0,2,0.5,-3
113,behav_econ,2020-02-10,pos,1,0,2,0.5,-3
114,behav_econ,2020-02-24,neg,1,0,1,1.0,-2
115,behav_econ,2020-02-24,neu,0,0,1,0.0,-2
116,behav_econ,2020-02-24,pos,0,0,1,0.0,-2
117,behav_econ,2020-03-09,neg,0,0,3,0.0,-1
118,behav_econ,2020-03-09,neu,3,0,3,1.0,-1
119,behav_econ,2020-03-09,pos,0,0,3,0.0,-1
120,behav_econ,2020-03-23,neg,1,0,7,0.14285714285714285,0
121,behav_econ,2020-03-23,neu,5,0,7,0.7142857142857143,0
122,behav_econ,2020-03-23,pos,1,0,7,0.14285714285714285,0
123,behav_econ,2020-04-06,neg,0,0,6,0.0,1
124,behav_econ,2020-04-06,neu,6,0,6,1.0,1
125,behav_econ,2020-04-06,pos,0,0,6,0.0,1
126,behav_econ,2020-04-20,neg,1,0,6,0.16666666666666666,2
127,behav_econ,2020-04-20,neu,5,0,6,0.8333333333333334,2
128,behav_econ,2020-04-20,pos,0,0,6,0.0,2
129,behav_econ,2020-05-04,neg,0,0,4,0.0,3
130,behav_econ,2020-05-04,neu,2,1,4,0.5,3
131,behav_econ,2020-05-04,pos,2,0,4,0.5,3
132,behav_econ,2020-05-18,neg,2,0,5,0.4,4
133,behav_econ,2020-05-18,neu,2,0,5,0.4,4
134,behav_econ,2020-05-18,pos,1,0,5,0.2,4
135,behav_econ,2020-06-01,neg,0,0,0,,5
136,behav_econ,2020-06-01,neu,0,0,0,,5
137,behav_econ,2020-06-01,pos,0,0,0,,5
138,behav_econ,2020-06-15,neg,1,0,1,1.0,6
139,behav_econ,2020-06-15,neu,0,0,1,0.0,6
140,behav_econ,2020-06-15,pos,0,0,1,0.0,6
141,behav_econ,2020-06-29,neg,0,0,2,0.0,7
142,behav_econ,2020-06-29,neu,2,1,2,1.0,7
143,behav_econ,2020-06-29,pos,0,0,2,0.0,7
144,behav_insight,2020-01-27,neg,0,0,0,,-4
145,behav_insight,2020-01-27,neu,0,0,0,,-4
146,behav_insight,2020-01-27,pos,0,0,0,,-4
147,behav_insight,2020-02-10,neg,0,0,1,0.0,-3
148,behav_insight,2020-02-10,neu,1,0,1,1.0,-3
149,behav_insight,2020-02-10,pos,0,0,1,0.0,-3
150,behav_insight,2020-02-24,neg,0,0,0,,-2
151,behav_insight,2020-02-24,neu,0,0,0,,-2
152,behav_insight,2020-02-24,pos,0,0,0,,-2
153,behav_insight,2020-03-09,neg,0,0,1,0.0,-1
154,behav_insight,2020-03-09,neu,1,0,1,1.0,-1
155,behav_insight,2020-03-09,pos,0,0,1,0.0,-1
156,behav_insight,2020-03-23,neg,1,0,3,0.3333333333333333,0
157,behav_insight,2020-03-23,neu,0,0,3,0.0,0
158,behav_insight,2020-03-23,pos,2,0,3,0.6666666666666666,0
159,behav_insight,2020-04-06,neg,1,0,2,0.5,1
160,behav_insight,2020-04-06,neu,1,1,2,0.5,1
161,behav_insight,2020-04-06,pos,0,0,2,0.0,1
162,behav_insight,2020-04-20,neg,1,0,3,0.3333333333333333,2
163,behav_insight,2020-04-20,neu,2,0,3,0.6666666666666666,2
164,behav_insight,2020-04-20,pos,0,0,3,0.0,2
165,behav_insight,2020-05-04,neg,0,0,0,,3
166,behav_insight,2020-05-04,neu,0,0,0,,3
167,behav_insight,2020-05-04,pos,0,0,0,,3
168,behav_insight,2020-05-18,neg,0,0,6,0.0,4
169,behav_insight,2020-05-18,neu,4,4,6,0.6666666666666666,4
170,behav_insight,2020-05-18,pos,2,2,6,0.3333333333333333,4
171,behav_insight,2020-06-01,neg,0,0,0,,5
172,behav_insight,2020-06-01,neu,0,0,0,,5
173,behav_insight,2020-06-01,pos,0,0,0,,5
174,behav_insight,2020-06-15,neg,1,0,2,0.5,6
175,behav_insight,2020-06-15,neu,1,0,2,0.5,6
176,behav_insight,2020-06-15,pos,0,0,2,0.0,6
177,behav_insight,2020-06-29,neg,0,0,0,,7
178,behav_insight,2020-06-29,neu,0,0,0,,7
179,behav_insight,2020-06-29,pos,0,0,0,,7
180,behav_insights_team,2020-01-27,neg,0,0,2,0.0,-4
181,behav_insights_team,2020-01-27,neu,1,1,2,0.5,-4
182,behav_insights_team,2020-01-27,pos,1,1,2,0.5,-4
183,behav_insights_team,2020-02-10,neg,1,1,3,0.3333333333333333,-3
184,behav_insights_team,2020-02-10,neu,0,0,3,0.0,-3
185,behav_insights_team,2020-02-10,pos,2,2,3,0.6666666666666666,-3
186,behav_insights_team,2020-02-24,neg,2,2,10,0.2,-2
187,behav_insights_team,2020-02-24,neu,8,6,10,0.8,-2
188,behav_insights_team,2020-02-24,pos,0,0,10,0.0,-2
189,behav_insights_team,2020-03-09,neg,15,13,52,0.28846153846153844,-1
190,behav_insights_team,2020-03-09,neu,29,23,52,0.5576923076923077,-1
191,behav_insights_team,2020-03-09,pos,8,4,52,0.15384615384615385,-1
192,behav_insights_team,2020-03-23,neg,1,1,19,0.05263157894736842,0
193,behav_insights_team,2020-03-23,neu,9,4,19,0.47368421052631576,0
194,behav_insights_team,2020-03-23,pos,9,6,19,0.47368421052631576,0
195,behav_insights_team,2020-04-06,neg,3,1,6,0.5,1
196,behav_insights_team,2020-04-06,neu,3,3,6,0.5,1
197,behav_insights_team,2020-04-06,pos,0,0,6,0.0,1
198,behav_insights_team,2020-04-20,neg,4,3,17,0.23529411764705882,2
199,behav_insights_team,2020-04-20,neu,13,8,17,0.7647058823529411,2
200,behav_insights_team,2020-04-20,pos,0,0,17,0.0,2
201,behav_insights_team,2020-05-04,neg,1,0,13,0.07692307692307693,3
202,behav_insights_team,2020-05-04,neu,9,6,13,0.6923076923076923,3
203,behav_insights_team,2020-05-04,pos,3,0,13,0.23076923076923078,3
204,behav_insights_team,2020-05-18,neg,0,0,4,0.0,4
205,behav_insights_team,2020-05-18,neu,4,3,4,1.0,4
206,behav_insights_team,2020-05-18,pos,0,0,4,0.0,4
207,behav_insights_team,2020-06-01,neg,1,1,1,1.0,5
208,behav_insights_team,2020-06-01,neu,0,0,1,0.0,5
209,behav_insights_team,2020-06-01,pos,0,0,1,0.0,5
210,behav_insights_team,2020-06-15,neg,0,0,8,0.0,6
211,behav_insights_team,2020-06-15,neu,7,4,8,0.875,6
212,behav_insights_team,2020-06-15,pos,1,0,8,0.125,6
213,behav_insights_team,2020-06-29,neg,0,0,0,,7
214,behav_insights_team,2020-06-29,neu,0,0,0,,7
215,behav_insights_team,2020-06-29,pos,0,0,0,,7
216,behav_science,2020-01-27,neg,0,0,0,,-4
217,behav_science,2020-01-27,neu,0,0,0,,-4
218,behav_science,2020-01-27,pos,0,0,0,,-4
219,behav_science,2020-02-10,neg,0,0,3,0.0,-3
220,behav_science,2020-02-10,neu,2,0,3,0.6666666666666666,-3
221,behav_science,2020-02-10,pos,1,0,3,0.3333333333333333,-3
222,behav_science,2020-02-24,neg,3,1,16,0.1875,-2
223,behav_science,2020-02-24,neu,6,1,16,0.375,-2
224,behav_science,2020-02-24,pos,7,1,16,0.4375,-2
225,behav_science,2020-03-09,neg,22,10,71,0.30985915492957744,-1
226,behav_science,2020-03-09,neu,33,12,71,0.4647887323943662,-1
227,behav_science,2020-03-09,pos,16,6,71,0.22535211267605634,-1
228,behav_science,2020-03-23,neg,19,6,48,0.3958333333333333,0
229,behav_science,2020-03-23,neu,17,6,48,0.3541666666666667,0
230,behav_science,2020-03-23,pos,12,9,48,0.25,0
231,behav_science,2020-04-06,neg,7,5,57,0.12280701754385964,1
232,behav_science,2020-04-06,neu,36,15,57,0.631578947368421,1
233,behav_science,2020-04-06,pos,14,6,57,0.24561403508771928,1
234,behav_science,2020-04-20,neg,7,2,49,0.14285714285714285,2
235,behav_science,2020-04-20,neu,37,11,49,0.7551020408163265,2
236,behav_science,2020-04-20,pos,5,2,49,0.10204081632653061,2
237,behav_science,2020-05-04,neg,2,0,44,0.045454545454545456,3
238,behav_science,2020-05-04,neu,32,2,44,0.7272727272727273,3
239,behav_science,2020-05-04,pos,10,1,44,0.22727272727272727,3
240,behav_science,2020-05-18,neg,2,2,55,0.03636363636363636,4
241,behav_science,2020-05-18,neu,42,24,55,0.7636363636363637,4
242,behav_science,2020-05-18,pos,11,3,55,0.2,4
243,behav_science,2020-06-01,neg,2,0,26,0.07692307692307693,5
244,behav_science,2020-06-01,neu,19,2,26,0.7307692307692307,5
245,behav_science,2020-06-01,pos,5,0,26,0.19230769230769232,5
246,behav_science,2020-06-15,neg,14,8,56,0.25,6
247,behav_science,2020-06-15,neu,25,3,56,0.44642857142857145,6
248,behav_science,2020-06-15,pos,17,11,56,0.30357142857142855,6
249,behav_science,2020-06-29,neg,1,0,16,0.0625,7
250,behav_science,2020-06-29,neu,12,3,16,0.75,7
251,behav_science,2020-06-29,pos,3,0,16,0.1875,7
252,behav_scientist,2020-01-27,neg,0,0,3,0.0,-4
253,behav_scientist,2020-01-27,neu,3,0,3,1.0,-4
254,behav_scientist,2020-01-27,pos,0,0,3,0.0,-4
255,behav_scientist,2020-02-10,neg,0,0,1,0.0,-3
256,behav_scientist,2020-02-10,neu,1,0,1,1.0,-3
257,behav_scientist,2020-02-10,pos,0,0,1,0.0,-3
258,behav_scientist,2020-02-24,neg,0,0,1,0.0,-2
259,behav_scientist,2020-02-24,neu,1,0,1,1.0,-2
260,behav_scientist,2020-02-24,pos,0,0,1,0.0,-2
261,behav_scientist,2020-03-09,neg,0,0,7,0.0,-1
262,behav_scientist,2020-03-09,neu,4,1,7,0.5714285714285714,-1
263,behav_scientist,2020-03-09,pos,3,3,7,0.42857142857142855,-1
264,behav_scientist,2020-03-23,neg,1,0,7,0.14285714285714285,0
265,behav_scientist,2020-03-23,neu,5,3,7,0.7142857142857143,0
266,behav_scientist,2020-03-23,pos,1,0,7,0.14285714285714285,0
267,behav_scientist,2020-04-06,neg,0,0,9,0.0,1
268,behav_scientist,2020-04-06,neu,8,1,9,0.8888888888888888,1
269,behav_scientist,2020-04-06,pos,1,1,9,0.1111111111111111,1
270,behav_scientist,2020-04-20,neg,0,0,8,0.0,2
271,behav_scientist,2020-04-20,neu,8,2,8,1.0,2
272,behav_scientist,2020-04-20,pos,0,0,8,0.0,2
273,behav_scientist,2020-05-04,neg,3,0,13,0.23076923076923078,3
274,behav_scientist,2020-05-04,neu,10,3,13,0.7692307692307693,3
275,behav_scientist,2020-05-04,pos,0,0,13,0.0,3
276,behav_scientist,2020-05-18,neg,0,0,8,0.0,4
277,behav_scientist,2020-05-18,neu,7,3,8,0.875,4
278,behav_scientist,2020-05-18,pos,1,0,8,0.125,4
279,behav_scientist,2020-06-01,neg,0,0,2,0.0,5
280,behav_scientist,2020-06-01,neu,1,1,2,0.5,5
281,behav_scientist,2020-06-01,pos,1,0,2,0.5,5
282,behav_scientist,2020-06-15,neg,1,1,7,0.14285714285714285,6
283,behav_scientist,2020-06-15,neu,5,4,7,0.7142857142857143,6
284,behav_scientist,2020-06-15,pos,1,1,7,0.14285714285714285,6
285,behav_scientist,2020-06-29,neg,0,0,5,0.0,7
286,behav_scientist,2020-06-29,neu,5,1,5,1.0,7
287,behav_scientist,2020-06-29,pos,0,0,5,0.0,7
288,behavioural_economist,2020-01-27,neg,0,0,0,,-4
289,behavioural_economist,2020-01-27,neu,0,0,0,,-4
290,behavioural_economist,2020-01-27,pos,0,0,0,,-4
291,behavioural_economist,2020-02-10,neg,0,0,0,,-3
292,behavioural_economist,2020-02-10,neu,0,0,0,,-3
293,behavioural_economist,2020-02-10,pos,0,0,0,,-3
294,behavioural_economist,2020-02-24,neg,0,0,0,,-2
295,behavioural_economist,2020-02-24,neu,0,0,0,,-2
296,behavioural_economist,2020-02-24,pos,0,0,0,,-2
297,behavioural_economist,2020-03-09,neg,0,0,1,0.0,-1
298,behavioural_economist,2020-03-09,neu,1,1,1,1.0,-1
299,behavioural_economist,2020-03-09,pos,0,0,1,0.0,-1
300,behavioural_economist,2020-03-23,neg,0,0,0,,0
301,behavioural_economist,2020-03-23,neu,0,0,0,,0
302,behavioural_economist,2020-03-23,pos,0,0,0,,0
303,behavioural_economist,2020-04-06,neg,0,0,0,,1
304,behavioural_economist,2020-04-06,neu,0,0,0,,1
305,behavioural_economist,2020-04-06,pos,0,0,0,,1
306,behavioural_economist,2020-04-20,neg,0,0,2,0.0,2
307,behavioural_economist,2020-04-20,neu,2,2,2,1.0,2
308,behavioural_economist,2020-04-20,pos,0,0,2,0.0,2
309,behavioural_economist,2020-05-04,neg,0,0,5,0.0,3
310,behavioural_economist,2020-05-04,neu,5,0,5,1.0,3
311,behavioural_economist,2020-05-04,pos,0,0,5,0.0,3
312,behavioural_economist,2020-05-18,neg,0,0,2,0.0,4
313,behavioural_economist,2020-05-18,neu,2,0,2,1.0,4
314,behavioural_economist,2020-05-18,pos,0,0,2,0.0,4
315,behavioural_economist,2020-06-01,neg,0,0,0,,5
316,behavioural_economist,2020-06-01,neu,0,0,0,,5
317,behavioural_economist,2020-06-01,pos,0,0,0,,5
318,behavioural_economist,2020-06-15,neg,0,0,0,,6
319,behavioural_economist,2020-06-15,neu,0,0,0,,6
320,behavioural_economist,2020-06-15,pos,0,0,0,,6
321,behavioural_economist,2020-06-29,neg,0,0,0,,7
322,behavioural_economist,2020-06-29,neu,0,0,0,,7
323,behavioural_economist,2020-06-29,pos,0,0,0,,7
324,behavioural_fatigue,2020-01-27,neg,0,0,0,,-4
325,behavioural_fatigue,2020-01-27,neu,0,0,0,,-4
326,behavioural_fatigue,2020-01-27,pos,0,0,0,,-4
327,behavioural_fatigue,2020-02-10,neg,0,0,0,,-3
328,behavioural_fatigue,2020-02-10,neu,0,0,0,,-3
329,behavioural_fatigue,2020-02-10,pos,0,0,0,,-3
330,behavioural_fatigue,2020-02-24,neg,0,0,0,,-2
331,behavioural_fatigue,2020-02-24,neu,0,0,0,,-2
332,behavioural_fatigue,2020-02-24,pos,0,0,0,,-2
333,behavioural_fatigue,2020-03-09,neg,1,0,5,0.2,-1
334,behavioural_fatigue,2020-03-09,neu,3,3,5,0.6,-1
335,behavioural_fatigue,2020-03-09,pos,1,0,5,0.2,-1
336,behavioural_fatigue,2020-03-23,neg,3,3,3,1.0,0
337,behavioural_fatigue,2020-03-23,neu,0,0,3,0.0,0
338,behavioural_fatigue,2020-03-23,pos,0,0,3,0.0,0
339,behavioural_fatigue,2020-04-06,neg,4,4,5,0.8,1
340,behavioural_fatigue,2020-04-06,neu,1,1,5,0.2,1
341,behavioural_fatigue,2020-04-06,pos,0,0,5,0.0,1
342,behavioural_fatigue,2020-04-20,neg,2,0,4,0.5,2
343,behavioural_fatigue,2020-04-20,neu,0,0,4,0.0,2
344,behavioural_fatigue,2020-04-20,pos,2,0,4,0.5,2
345,behavioural_fatigue,2020-05-04,neg,0,0,0,,3
346,behavioural_fatigue,2020-05-04,neu,0,0,0,,3
347,behavioural_fatigue,2020-05-04,pos,0,0,0,,3
348,behavioural_fatigue,2020-05-18,neg,0,0,0,,4
349,behavioural_fatigue,2020-05-18,neu,0,0,0,,4
350,behavioural_fatigue,2020-05-18,pos,0,0,0,,4
351,behavioural_fatigue,2020-06-01,neg,0,0,0,,5
352,behavioural_fatigue,2020-06-01,neu,0,0,0,,5
353,behavioural_fatigue,2020-06-01,pos,0,0,0,,5
354,behavioural_fatigue,2020-06-15,neg,1,1,4,0.25,6
355,behavioural_fatigue,2020-06-15,neu,3,1,4,0.75,6
356,behavioural_fatigue,2020-06-15,pos,0,0,4,0.0,6
357,behavioural_fatigue,2020-06-29,neg,0,0,0,,7
358,behavioural_fatigue,2020-06-29,neu,0,0,0,,7
359,behavioural_fatigue,2020-06-29,pos,0,0,0,,7
360,chater,2020-01-27,neg,0,0,0,,-4
361,chater,2020-01-27,neu,0,0,0,,-4
362,chater,2020-01-27,pos,0,0,0,,-4
363,chater,2020-02-10,neg,0,0,0,,-3
364,chater,2020-02-10,neu,0,0,0,,-3
365,chater,2020-02-10,pos,0,0,0,,-3
366,chater,2020-02-24,neg,0,0,0,,-2
367,chater,2020-02-24,neu,0,0,0,,-2
368,chater,2020-02-24,pos,0,0,0,,-2
369,chater,2020-03-09,neg,0,0,1,0.0,-1
370,chater,2020-03-09,neu,1,0,1,1.0,-1
371,chater,2020-03-09,pos,0,0,1,0.0,-1
372,chater,2020-03-23,neg,0,0,0,,0
373,chater,2020-03-23,neu,0,0,0,,0
374,chater,2020-03-23,pos,0,0,0,,0
375,chater,2020-04-06,neg,0,0,0,,1
376,chater,2020-04-06,neu,0,0,0,,1
377,chater,2020-04-06,pos,0,0,0,,1
378,chater,2020-04-20,neg,0,0,1,0.0,2
379,chater,2020-04-20,neu,1,0,1,1.0,2
380,chater,2020-04-20,pos,0,0,1,0.0,2
381,chater,2020-05-04,neg,0,0,0,,3
382,chater,2020-05-04,neu,0,0,0,,3
383,chater,2020-05-04,pos,0,0,0,,3
384,chater,2020-05-18,neg,0,0,0,,4
385,chater,2020-05-18,neu,0,0,0,,4
386,chater,2020-05-18,pos,0,0,0,,4
387,chater,2020-06-01,neg,0,0,0,,5
388,chater,2020-06-01,neu,0,0,0,,5
389,chater,2020-06-01,pos,0,0,0,,5
390,chater,2020-06-15,neg,0,0,0,,6
391,chater,2020-06-15,neu,0,0,0,,6
392,chater,2020-06-15,pos,0,0,0,,6
393,chater,2020-06-29,neg,0,0,0,,7
394,chater,2020-06-29,neu,0,0,0,,7
395,chater,2020-06-29,pos,0,0,0,,7
396,halpern,2020-01-27,neg,0,0,0,,-4
397,halpern,2020-01-27,neu,0,0,0,,-4
398,halpern,2020-01-27,pos,0,0,0,,-4
399,halpern,2020-02-10,neg,0,0,0,,-3
400,halpern,2020-02-10,neu,0,0,0,,-3
401,halpern,2020-02-10,pos,0,0,0,,-3
402,halpern,2020-02-24,neg,0,0,0,,-2
403,halpern,2020-02-24,neu,0,0,0,,-2
404,halpern,2020-02-24,pos,0,0,0,,-2
405,halpern,2020-03-09,neg,10,10,36,0.2777777777777778,-1
406,halpern,2020-03-09,neu,24,15,36,0.6666666666666666,-1
407,halpern,2020-03-09,pos,2,2,36,0.05555555555555555,-1
408,halpern,2020-03-23,neg,4,4,16,0.25,0
409,halpern,2020-03-23,neu,7,2,16,0.4375,0
410,halpern,2020-03-23,pos,5,5,16,0.3125,0
411,halpern,2020-04-06,neg,0,0,3,0.0,1
412,halpern,2020-04-06,neu,3,2,3,1.0,1
413,halpern,2020-04-06,pos,0,0,3,0.0,1
414,halpern,2020-04-20,neg,4,1,10,0.4,2
415,halpern,2020-04-20,neu,5,3,10,0.5,2
416,halpern,2020-04-20,pos,1,0,10,0.1,2
417,halpern,2020-05-04,neg,0,0,7,0.0,3
418,halpern,2020-05-04,neu,7,4,7,1.0,3
419,halpern,2020-05-04,pos,0,0,7,0.0,3
420,halpern,2020-05-18,neg,1,0,3,0.3333333333333333,4
421,halpern,2020-05-18,neu,2,2,3,0.6666666666666666,4
422,halpern,2020-05-18,pos,0,0,3,0.0,4
423,halpern,2020-06-01,neg,0,0,0,,5
424,halpern,2020-06-01,neu,0,0,0,,5
425,halpern,2020-06-01,pos,0,0,0,,5
426,halpern,2020-06-15,neg,4,1,8,0.5,6
427,halpern,2020-06-15,neu,1,0,8,0.125,6
428,halpern,2020-06-15,pos,3,1,8,0.375,6
429,halpern,2020-06-29,neg,0,0,0,,7
430,halpern,2020-06-29,neu,0,0,0,,7
431,halpern,2020-06-29,pos,0,0,0,,7
432,herd_immunity,2020-01-27,neg,0,0,0,,-4
433,herd_immunity,2020-01-27,neu,0,0,0,,-4
434,herd_immunity,2020-01-27,pos,0,0,0,,-4
435,herd_immunity,2020-02-10,neg,0,0,0,,-3
436,herd_immunity,2020-02-10,neu,0,0,0,,-3
437,herd_immunity,2020-02-10,pos,0,0,0,,-3
438,herd_immunity,2020-02-24,neg,0,0,0,,-2
439,herd_immunity,2020-02-24,neu,0,0,0,,-2
440,herd_immunity,2020-02-24,pos,0,0,0,,-2
441,herd_immunity,2020-03-09,neg,46,21,147,0.3129251700680272,-1
442,herd_immunity,2020-03-09,neu,77,34,147,0.5238095238095238,-1
443,herd_immunity,2020-03-09,pos,24,5,147,0.16326530612244897,-1
444,herd_immunity,2020-03-23,neg,22,14,52,0.4230769230769231,0
445,herd_immunity,2020-03-23,neu,15,7,52,0.28846153846153844,0
446,herd_immunity,2020-03-23,pos,15,7,52,0.28846153846153844,0
447,herd_immunity,2020-04-06,neg,10,3,53,0.18867924528301888,1
448,herd_immunity,2020-04-06,neu,35,16,53,0.660377358490566,1
449,herd_immunity,2020-04-06,pos,8,5,53,0.1509433962264151,1
450,herd_immunity,2020-04-20,neg,12,6,39,0.3076923076923077,2
451,herd_immunity,2020-04-20,neu,24,8,39,0.6153846153846154,2
452,herd_immunity,2020-04-20,pos,3,1,39,0.07692307692307693,2
453,herd_immunity,2020-05-04,neg,2,2,22,0.09090909090909091,3
454,herd_immunity,2020-05-04,neu,20,7,22,0.9090909090909091,3
455,herd_immunity,2020-05-04,pos,0,0,22,0.0,3
456,herd_immunity,2020-05-18,neg,1,0,23,0.043478260869565216,4
457,herd_immunity,2020-05-18,neu,22,11,23,0.9565217391304348,4
458,herd_immunity,2020-05-18,pos,0,0,23,0.0,4
459,herd_immunity,2020-06-01,neg,0,0,4,0.0,5
460,herd_immunity,2020-06-01,neu,4,1,4,1.0,5
461,herd_immunity,2020-06-01,pos,0,0,4,0.0,5
462,herd_immunity,2020-06-15,neg,0,0,7,0.0,6
463,herd_immunity,2020-06-15,neu,7,3,7,1.0,6
464,herd_immunity,2020-06-15,pos,0,0,7,0.0,6
465,herd_immunity,2020-06-29,neg,1,0,6,0.16666666666666666,7
466,herd_immunity,2020-06-29,neu,5,1,6,0.8333333333333334,7
467,herd_immunity,2020-06-29,pos,0,0,6,0.0,7
468,michie,2020-01-27,neg,0,0,0,,-4
469,michie,2020-01-27,neu,0,0,0,,-4
470,michie,2020-01-27,pos,0,0,0,,-4
471,michie,2020-02-10,neg,0,0,0,,-3
472,michie,2020-02-10,neu,0,0,0,,-3
473,michie,2020-02-10,pos,0,0,0,,-3
474,michie,2020-02-24,neg,0,0,0,,-2
475,michie,2020-02-24,neu,0,0,0,,-2
476,michie,2020-02-24,pos,0,0,0,,-2
477,michie,2020-03-09,neg,2,0,44,0.045454545454545456,-1
478,michie,2020-03-09,neu,29,8,44,0.6590909090909091,-1
479,michie,2020-03-09,pos,13,13,44,0.29545454545454547,-1
480,michie,2020-03-23,neg,0,0,17,0.0,0
481,michie,2020-03-23,neu,16,12,17,0.9411764705882353,0
482,michie,2020-03-23,pos,1,0,17,0.058823529411764705,0
483,michie,2020-04-06,neg,0,0,17,0.0,1
484,michie,2020-04-06,neu,16,2,17,0.9411764705882353,1
485,michie,2020-04-06,pos,1,1,17,0.058823529411764705,1
486,michie,2020-04-20,neg,0,0,31,0.0,2
487,michie,2020-04-20,neu,29,10,31,0.9354838709677419,2
488,michie,2020-04-20,pos,2,2,31,0.06451612903225806,2
489,michie,2020-05-04,neg,2,1,32,0.0625,3
490,michie,2020-05-04,neu,30,13,32,0.9375,3
491,michie,2020-05-04,pos,0,0,32,0.0,3
492,michie,2020-05-18,neg,0,0,18,0.0,4
493,michie,2020-05-18,neu,17,8,18,0.9444444444444444,4
494,michie,2020-05-18,pos,1,1,18,0.05555555555555555,4
495,michie,2020-06-01,neg,0,0,23,0.0,5
496,michie,2020-06-01,neu,22,13,23,0.9565217391304348,5
497,michie,2020-06-01,pos,1,1,23,0.043478260869565216,5
498,michie,2020-06-15,neg,0,0,17,0.0,6
499,michie,2020-06-15,neu,17,0,17,1.0,6
500,michie,2020-06-15,pos,0,0,17,0.0,6
501,michie,2020-06-29,neg,0,0,13,0.0,7
502,michie,2020-06-29,neu,13,3,13,1.0,7
503,michie,2020-06-29,pos,0,0,13,0.0,7
504,nudge,2020-01-27,neg,1,0,7,0.14285714285714285,-4
505,nudge,2020-01-27,neu,0,0,7,0.0,-4
506,nudge,2020-01-27,pos,6,2,7,0.8571428571428571,-4
507,nudge,2020-02-10,neg,3,0,9,0.3333333333333333,-3
508,nudge,2020-02-10,neu,2,1,9,0.2222222222222222,-3
509,nudge,2020-02-10,pos,4,2,9,0.4444444444444444,-3
510,nudge,2020-02-24,neg,2,1,3,0.6666666666666666,-2
511,nudge,2020-02-24,neu,1,0,3,0.3333333333333333,-2
512,nudge,2020-02-24,pos,0,0,3,0.0,-2
513,nudge,2020-03-09,neg,10,4,25,0.4,-1
514,nudge,2020-03-09,neu,8,4,25,0.32,-1
515,nudge,2020-03-09,pos,7,3,25,0.28,-1
516,nudge,2020-03-23,neg,10,2,15,0.6666666666666666,0
517,nudge,2020-03-23,neu,0,0,15,0.0,0
518,nudge,2020-03-23,pos,5,2,15,0.3333333333333333,0
519,nudge,2020-04-06,neg,7,2,16,0.4375,1
520,nudge,2020-04-06,neu,3,2,16,0.1875,1
521,nudge,2020-04-06,pos,6,0,16,0.375,1
522,nudge,2020-04-20,neg,9,1,18,0.5,2
523,nudge,2020-04-20,neu,6,1,18,0.3333333333333333,2
524,nudge,2020-04-20,pos,3,2,18,0.16666666666666666,2
525,nudge,2020-05-04,neg,2,1,2,1.0,3
526,nudge,2020-05-04,neu,0,0,2,0.0,3
527,nudge,2020-05-04,pos,0,0,2,0.0,3
528,nudge,2020-05-18,neg,1,0,8,0.125,4
529,nudge,2020-05-18,neu,3,0,8,0.375,4
530,nudge,2020-05-18,pos,4,0,8,0.5,4
531,nudge,2020-06-01,neg,4,1,6,0.6666666666666666,5
532,nudge,2020-06-01,neu,0,0,6,0.0,5
533,nudge,2020-06-01,pos,2,0,6,0.3333333333333333,5
534,nudge,2020-06-15,neg,1,1,3,0.3333333333333333,6
535,nudge,2020-06-15,neu,2,1,3,0.6666666666666666,6
536,nudge,2020-06-15,pos,0,0,3,0.0,6
537,nudge,2020-06-29,neg,0,0,1,0.0,7
538,nudge,2020-06-29,neu,1,0,1,1.0,7
539,nudge,2020-06-29,pos,0,0,1,0.0,7
540,psychologist,2020-01-27,neg,0,0,0,,-4
541,psychologist,2020-01-27,neu,0,0,0,,-4
542,psychologist,2020-01-27,pos,0,0,0,,-4
543,psychologist,2020-02-10,neg,0,0,2,0.0,-3
544,psychologist,2020-02-10,neu,1,0,2,0.5,-3
545,psychologist,2020-02-10,pos,1,0,2,0.5,-3
546,psychologist,2020-02-24,neg,0,0,4,0.0,-2
547,psychologist,2020-02-24,neu,3,0,4,0.75,-2
548,psychologist,2020-02-24,pos,1,0,4,0.25,-2
549,psychologist,2020-03-09,neg,0,0,8,0.0,-1
550,psychologist,2020-03-09,neu,8,0,8,1.0,-1
551,psychologist,2020-03-09,pos,0,0,8,0.0,-1
552,psychologist,2020-03-23,neg,0,0,6,0.0,0
553,psychologist,2020-03-23,neu,5,0,6,0.8333333333333334,0
554,psychologist,2020-03-23,pos,1,0,6,0.16666666666666666,0
555,psychologist,2020-04-06,neg,0,0,8,0.0,1
556,psychologist,2020-04-06,neu,7,1,8,0.875,1
557,psychologist,2020-04-06,pos,1,0,8,0.125,1
558,psychologist,2020-04-20,neg,0,0,11,0.0,2
559,psychologist,2020-04-20,neu,9,3,11,0.8181818181818182,2
560,psychologist,2020-04-20,pos,2,0,11,0.18181818181818182,2
561,psychologist,2020-05-04,neg,0,0,10,0.0,3
562,psychologist,2020-05-04,neu,10,1,10,1.0,3
563,psychologist,2020-05-04,pos,0,0,10,0.0,3
564,psychologist,2020-05-18,neg,0,0,8,0.0,4
565,psychologist,2020-05-18,neu,8,1,8,1.0,4
566,psychologist,2020-05-18,pos,0,0,8,0.0,4
567,psychologist,2020-06-01,neg,0,0,4,0.0,5
568,psychologist,2020-06-01,neu,4,4,4,1.0,5
569,psychologist,2020-06-01,pos,0,0,4,0.0,5
570,psychologist,2020-06-15,neg,0,0,7,0.0,6
571,psychologist,2020-06-15,neu,6,0,7,0.8571428571428571,6
572,psychologist,2020-06-15,pos,1,0,7,0.14285714285714285,6
573,psychologist,2020-06-29,neg,0,0,7,0.0,7
574,psychologist,2020-06-29,neu,7,2,7,1.0,7
575,psychologist,2020-06-29,pos,0,0,7,0.0,7
576,psychology,2020-01-27,neg,0,0,1,0.0,-4
577,psychology,2020-01-27,neu,1,0,1,1.0,-4
578,psychology,2020-01-27,pos,0,0,1,0.0,-4
579,psychology,2020-02-10,neg,0,0,0,,-3
580,psychology,2020-02-10,neu,0,0,0,,-3
581,psychology,2020-02-10,pos,0,0,0,,-3
582,psychology,2020-02-24,neg,0,0,2,0.0,-2
583,psychology,2020-02-24,neu,2,0,2,1.0,-2
584,psychology,2020-02-24,pos,0,0,2,0.0,-2
585,psychology,2020-03-09,neg,0,0,30,0.0,-1
586,psychology,2020-03-09,neu,23,7,30,0.7666666666666667,-1
587,psychology,2020-03-09,pos,7,5,30,0.23333333333333334,-1
588,psychology,2020-03-23,neg,1,0,12,0.08333333333333333,0
589,psychology,2020-03-23,neu,6,0,12,0.5,0
590,psychology,2020-03-23,pos,5,1,12,0.4166666666666667,0
591,psychology,2020-04-06,neg,1,1,14,0.07142857142857142,1
592,psychology,2020-04-06,neu,11,5,14,0.7857142857142857,1
593,psychology,2020-04-06,pos,2,0,14,0.14285714285714285,1
594,psychology,2020-04-20,neg,3,0,22,0.13636363636363635,2
595,psychology,2020-04-20,neu,19,2,22,0.8636363636363636,2
596,psychology,2020-04-20,pos,0,0,22,0.0,2
597,psychology,2020-05-04,neg,2,1,26,0.07692307692307693,3
598,psychology,2020-05-04,neu,22,4,26,0.8461538461538461,3
599,psychology,2020-05-04,pos,2,1,26,0.07692307692307693,3
600,psychology,2020-05-18,neg,0,0,29,0.0,4
601,psychology,2020-05-18,neu,24,10,29,0.8275862068965517,4
602,psychology,2020-05-18,pos,5,2,29,0.1724137931034483,4
603,psychology,2020-06-01,neg,0,0,10,0.0,5
604,psychology,2020-06-01,neu,10,0,10,1.0,5
605,psychology,2020-06-01,pos,0,0,10,0.0,5
606,psychology,2020-06-15,neg,0,0,17,0.0,6
607,psychology,2020-06-15,neu,12,0,17,0.7058823529411765,6
608,psychology,2020-06-15,pos,5,0,17,0.29411764705882354,6
609,psychology,2020-06-29,neg,0,0,5,0.0,7
610,psychology,2020-06-29,neu,5,1,5,1.0,7
611,psychology,2020-06-29,pos,0,0,5,0.0,7
612,spi-b,2020-01-27,neg,0,0,0,,-4
613,spi-b,2020-01-27,neu,0,0,0,,-4
614,spi-b,2020-01-27,pos,0,0,0,,-4
615,spi-b,2020-02-10,neg,0,0,0,,-3
616,spi-b,2020-02-10,neu,0,0,0,,-3
617,spi-b,2020-02-10,pos,0,0,0,,-3
618,spi-b,2020-02-24,neg,0,0,0,,-2
619,spi-b,2020-02-24,neu,0,0,0,,-2
620,spi-b,2020-02-24,pos,0,0,0,,-2
621,spi-b,2020-03-09,neg,0,0,7,0.0,-1
622,spi-b,2020-03-09,neu,7,1,7,1.0,-1
623,spi-b,2020-03-09,pos,0,0,7,0.0,-1
624,spi-b,2020-03-23,neg,1,0,2,0.5,0
625,spi-b,2020-03-23,neu,0,0,2,0.0,0
626,spi-b,2020-03-23,pos,1,1,2,0.5,0
627,spi-b,2020-04-06,neg,0,0,4,0.0,1
628,spi-b,2020-04-06,neu,3,1,4,0.75,1
629,spi-b,2020-04-06,pos,1,1,4,0.25,1
630,spi-b,2020-04-20,neg,0,0,17,0.0,2
631,spi-b,2020-04-20,neu,17,6,17,1.0,2
632,spi-b,2020-04-20,pos,0,0,17,0.0,2
633,spi-b,2020-05-04,neg,4,0,70,0.05714285714285714,3
634,spi-b,2020-05-04,neu,58,19,70,0.8285714285714286,3
635,spi-b,2020-05-04,pos,8,2,70,0.11428571428571428,3
636,spi-b,2020-05-18,neg,0,0,43,0.0,4
637,spi-b,2020-05-18,neu,37,12,43,0.8604651162790697,4
638,spi-b,2020-05-18,pos,6,1,43,0.13953488372093023,4
639,spi-b,2020-06-01,neg,0,0,12,0.0,5
640,spi-b,2020-06-01,neu,10,0,12,0.8333333333333334,5
641,spi-b,2020-06-01,pos,2,0,12,0.16666666666666666,5
642,spi-b,2020-06-15,neg,0,0,7,0.0,6
643,spi-b,2020-06-15,neu,7,1,7,1.0,6
644,spi-b,2020-06-15,pos,0,0,7,0.0,6
645,spi-b,2020-06-29,neg,0,0,9,0.0,7
646,spi-b,2020-06-29,neu,9,5,9,1.0,7
647,spi-b,2020-06-29,pos,0,0,9,0.0,7
